{
  "name": "spectrum",
  "version": "1.7.1",
  "main": [
    "./spectrum.css",
    "./spectrum.js"
  ],
  "docs": "http://bgrins.github.com/spectrum",
  "homepage": "http://bgrins.github.com/spectrum",
  "demo": "http://jsfiddle.net/bgrins/ctkY3/",
  "dependencies": {
    "jquery": ">=1.7.2"
  },
  "ignore": [
    ".gitignore",
    ".travis.yml",
    "build/",
    "docs/",
    "example/",
    "Gruntfile.js",
    "LICENSE",
    "README.md",
    "test/"
  ],
  "_release": "1.7.1",
  "_resolution": {
    "type": "version",
    "tag": "1.7.1",
    "commit": "61ad86cbccf9e494a83eb8cd5ccd8eef068e7501"
  },
  "_source": "git://github.com/bgrins/spectrum.git",
  "_target": "~1.7.1",
  "_originalSource": "spectrum",
  "_direct": true
}