{
  "name": "angular-resource",
  "version": "1.4.3",
  "main": "./angular-resource.js",
  "ignore": [],
  "dependencies": {
    "angular": "1.4.3"
  },
  "homepage": "https://github.com/angular/bower-angular-resource",
  "_release": "1.4.3",
  "_resolution": {
    "type": "version",
    "tag": "v1.4.3",
    "commit": "c971f7735b90685651526daf33a64c04b8539e91"
  },
  "_source": "git://github.com/angular/bower-angular-resource.git",
  "_target": "~1.4.3",
  "_originalSource": "angular-resource",
  "_direct": true
}